{"err": {"trapezoid": [0.010950263405389064, 0.00274188489769681, 0.000685741894386882, 0.00017145240192427462, 4.286415870230869e-05, 1.0716105834256144e-05, 2.6790306039549676e-06, 6.697579050875562e-07, 1.6743945548029087e-07, 4.1859763175337084e-08, 1.0464706119158726e-08, 2.615672558853561e-09], "simpson": [9.115481153356968e-05, 5.758728465727232e-06, 3.608932839040946e-07, 2.2571103529824836e-08, 1.4109621091959537e-09], "boole": [4.018563492205872e-06, 6.565626010214759e-08, 1.0376075358741212e-09]}, "ms": [1024, 2048, 4096, 8192, 16384, 32768, 65536, 131072, 262144, 524288, 1048576, 2097152], "alpha": 1.7612821144587485e-31}