{"err": "{'trapezoid': [0.01884530929130171, 0.004724118238823203, 0.0011818327115204223, 0.0002955084332926305, 7.38802502205819e-05, 1.847025895542242e-05, 4.617577023530022e-06, 1.1543950186840901e-06, 2.8859876790976596e-07, 7.214959810271527e-08, 1.8037175253958623e-08, 4.508808840360151e-09], 'simpson': [0.00026789219893430256, 1.705455466357654e-05, 1.0708690859771234e-06, 6.700721744048453e-08, 4.189197059461122e-09], 'boole': [1.9701643195399637e-05, 3.320450436395334e-07, 5.290051346454121e-09]}", "ms": [1024, 2048, 4096, 8192, 16384, 32768, 65536, 131072, 262144, 524288, 1048576, 2097152], "alpha": 5.774042759067282e-35}